variant_id,source_variant_id,status
e66bd90a-c843-4bb3-98a7-9031554c0627,34778233372834,active
8510d324-1487-4c68-bfc3-9814d5f58bff,34779090223266,active
a3266947-9aee-4983-9407-8397d42afce2,34779218313378,active
a5f43800-3157-4cc7-8bdf-487f4140e794,36095765708962,active
0d65932c-6c7c-4ea8-9ae4-41980fbe0811,36095805489314,active
28beec5f-f505-4026-bf7e-bf4f3a03733e,37175637541026,active
a0ddfd9b-4120-4448-a6a3-a4562e7385d2,37175637573794,active
b6bcf277-6de7-4bf4-8982-d5f37aff5e10,37175637606562,active
b0d48150-ba5d-4375-9c94-cf33291d342d,37175637639330,active
3313b372-1256-4315-a1ac-ccb34b375877,37175637672098,active
99933a86-3ab7-468a-a13f-32cf607959d1,37865709306018,active
44d5804e-f1cf-4312-a615-4a63c5eb54c3,39576593858722,active
5f90f0b5-51c8-42df-a912-ed4923cab104,39672625594530,active
604f8ee4-0ac0-461f-bf95-e4739b769892,40628752187554,active
f47fa487-9f9f-41d5-ac26-cc3e0e9f9a65,42399092277476,active
68cb9ac4-d6f4-45ae-b469-34dfce5fcc92,42399135989988,active
9bf86c27-75f3-4c46-8cb5-c951698f5dbe,42399199887588,active
08e32161-12ae-4e82-8a5c-3826686b4820,42399243337956,active
9c2d6eed-61c7-419c-a1a4-6ea592f1be97,42399266865380,active
746bc24d-25ff-43d2-972d-1a898d09803d,42399345803492,active
9fc59852-6722-48e1-a26b-0a3e8747f598,42399660507364,active
c8c91d14-81d6-4261-b2fb-09c75e3cf867,42412898615524,active
99746a49-3eb1-4d93-94e7-fc40f5762050,42998021685476,active
a2fc6a05-999e-4a21-9f39-2b961e2e3ccd,43868186280164,active
7d4a9d88-091f-401f-8df2-67fd28e171dc,43906296840420,active
143f6db7-a2ee-4907-a2f2-64a7336d4f59,43969163788516,active
d1141ef1-59bb-4c5e-8a4a-fb0bf6fd1451,43969164280036,active
b3b23df5-f947-43ba-9b9e-1a55f001013a,44003336421604,active
370b682d-a66f-4d15-9133-2a9e1ba2028d,44165280825572,active
e3014757-ecd8-4350-b236-8539fd1f80a4,44172939919588,active
62601b8c-23b5-4c4e-96cb-60df478074db,44178773868772,active
35ae5915-f5ed-47ff-abb8-ab46c400b6e6,44221601120484,active
fb2f4ecd-6ae3-49ad-85d3-e99e8e4eba21,44457784869092,active
badfc221-b97d-478f-9c62-8d299d6569a5,44457851486436,active
9e67eb1e-faee-4501-901e-24ebe969f50b,44503601447140,active
3a4da1b3-8ff3-4e4a-af59-adad8bd375c3,44503653810404,active
31d4694b-8845-4aeb-9853-07bbcd58865b,44568470683876,active
16fdf671-fa6b-4b00-bf0b-6ba8f1d7fa30,44613662146788,active
508acbda-c970-4d50-b8d7-35f83a153778,44613662212324,active
c87771f1-fee3-4ac8-98d1-1beda33bb4fe,44613662277860,active
a254a41a-6aeb-4feb-8a73-a8ef2e7c2f34,44613662310628,active
1cef1d76-184d-4363-8b54-a356755c9b5f,44624722690276,active
a2469b02-f754-42f8-b4d4-850215b74f05,44624778526948,active
d6291d38-9324-4c80-9285-9bd5419f2d86,44624807559396,active
46cd4d4f-fb67-4bfc-ac2f-5e38bcc99ba4,44625005379812,active
5ba8ecc3-bb65-46f9-89da-b51ab4d03c1c,44633336479972,active
12269fc1-a56f-410c-acde-bce1d3e95275,45143238082788,active
359a82ca-5eb2-4caf-ad12-eea44b41d650,45355090247908,active
ebced5df-7438-459f-9635-ce9e0db424ab,45403308556516,active
e8586e9b-1c3e-48af-b1e8-6521249faea8,45403365507300,active
9628b768-6703-4e58-9de9-d1285c036dac,45403386380516,active
7845b7e1-15bb-4381-9e98-58d1ef9c877b,45455298527460,active
5874846c-2bcf-4d97-bb26-b5086f472a1e,45468451569892,active
e32ce274-5208-428d-b4b5-725585af08e7,45473186644196,active
a6dc7785-6ca9-442d-af7f-fa22e1c67ca9,45700219928804,active
45b3abe2-1776-4bcc-bc51-d875aed91916,45703589363940,active
3e425435-95f1-4576-bafc-37cc67c91872,45727059214564,active
bc0882d2-d16d-470a-933c-340f62cba47e,45921382564068,active
02a661a4-ec39-44a8-935a-e73ed737cfe2,45921391116516,active
e764fe4e-bf55-47ea-a7e9-81f8a0aea6c3,45921394688228,active
7882eee5-76bf-4b51-a0d1-bc320568ca5f,45921399701732,active
8007b38c-4bb4-4dea-b40e-6ae3d11cfd56,45958266388708,active
8b46eb30-34cd-4aa1-a9da-648ed8d5241a,45958361350372,active
e7eb476c-d5df-4e47-a398-cac20712ed53,45958535774436,active
6f319547-6620-409b-b8b2-b28b63e4f111,46019084189924,active
7ecc8031-4167-4a87-8f82-a7512afaa1d6,46072088625380,active
372462d1-6650-427a-ab37-58216719e724,46078957682916,active
2214aa08-12b0-4695-bfbf-10c7dc816d44,46088162148580,active
1250e183-befe-4c9d-b004-1f945a5b7f3d,46088162181348,active
172e6df5-177c-4bc3-bd12-66bb5ced212a,46145216446692,active
cf07b946-3320-473d-84a3-d32fbac3f09d,46145216839908,active
7f2d72f2-0be1-4c0d-9907-d464bc674190,46287575482596,active
eda1998a-b61b-468d-b706-68c026800ce9,46287598944484,active
bf14c74c-5704-43ad-b740-b2af8b049b8a,46312978579684,active
800ab8dc-a563-42e0-968a-9c35b7052c01,46385306632420,active
e7a95ebd-3763-4c2b-825f-0cbd36be072b,46462480908516,active
72fa5042-33c4-40b2-ae77-f92adb2aee35,46509123895524,active
b491908b-e1b2-4097-8d9a-a42800974a01,46536355381476,active
b2572f2a-fb88-4a69-82c0-59e1034fd2bb,46536355414244,active
ac81cadf-613b-4ac9-bbdc-fd42563a4186,46550094676196,active
63ad7aaf-d962-47f1-991e-6b0eee1f3957,46550237053156,active
5404d34b-231c-4ea6-a76d-d81887fc114b,46606700773604,active
81611ba3-50cb-4f63-869e-a42b2c0410f7,46676464402660,active
ef68acef-6b9d-40a1-a401-21c7f9ce02c5,46711684071652,active
81dd2d16-d6f3-416f-b426-53bd601eb8d5,46718097883364,active
57fab1ad-63e0-4b8e-80ba-5663b110792a,46718151000292,active
b20e9bae-c323-4e7a-b953-8473d65eda06,46727738917092,active
362aaa57-4e64-4d25-9d0d-08430a3a5e23,46741965537508,active
628dc1b8-2a9d-43b1-9f59-185699c5befc,46859689361636,active
fba97963-7bc3-4f51-9ab0-5e6b6ad0b916,46895318892772,active
96d9f2a7-579e-424e-b3e8-5c76f47d3b1b,46895318925540,active
5f137280-431b-4ad8-b9dc-a9cebb32af97,47096911855844,active
b4b31d60-0b23-4235-a118-a7bc6be101b2,47134784749796,active
8c1b4cbd-cc35-4c29-98bf-2a7f0eb694e2,47134784782564,active
fb66c0b4-56dc-4b30-a8d0-4070eb864e29,47135120425188,active
c94a4c6c-e977-427d-bf12-f4045af00782,47146923426020,active
7f0b2b0f-8ceb-4013-88ee-e0599f726919,47163978252516,active
673ffe05-194d-4b20-8d95-b8b74a51dbe1,47164696396004,active
7b9261ec-7721-4949-bc1d-acc3a6979798,47166330700004,active
c76ca9a1-03dc-468f-bd26-436eb199b89b,47345895669988,active
0c6af043-ea68-4592-a858-a5bb63e6b194,47377544970468,active
a3dff3c6-7b8d-4723-bbb6-ca589e61ceef,47377545003236,active
1b649018-d16d-4159-8ff9-25c3778ced3a,47377545036004,active
c46b7467-9b3b-4caf-a914-c724ddcb729a,47377545068772,active
9b23b224-18fb-4720-afa8-7af40fefc705,47377545101540,active
3e39f621-ef8f-4cec-b0ac-b8cbcefcd2e5,47469147586788,active
ddcc1e4b-23f6-4111-8642-1d7908dd1f2f,47471694577892,active
23445c13-229f-42f1-bf90-9a406c6677f9,47482970439908,active
30a63025-a185-412d-99ff-59219a940cd3,47483342946532,active
a701d155-1529-4998-9d68-e9afdfb61759,47496899461348,active
7dbd4431-bf9e-4f51-8554-116d8ba6f548,47496899494116,active
72ba1dfd-9d77-4deb-a1af-a91245432370,47496899526884,active
2b79608e-cddd-4520-8171-13ed76f04db5,47496899559652,active
5af8fbd2-9c0e-42e3-9108-b55ef88dafec,47503415836900,active
3271241c-07cb-40ac-8e83-525b5b230a00,47503415869668,active
bf52b65a-7140-45c3-bef4-0f7ab3528982,47506473255140,active
991d9f5f-c2db-49b0-964d-9dd56519b3d8,47532233490660,active
44219bee-568c-4265-a5ff-b99c32548910,47644717777124,active
c0d7eec3-7e34-4113-9b73-c7f1d8dc5a14,47928054776036,active
0adfd108-239c-4709-83a9-bb1468298448,47948725584100,active
ead303b4-a7b8-4fd5-b342-86bc30ecac20,47959668457700,active
fc2cdedf-a60f-4a48-88fe-5d548e327a9a,47959697555684,active
a8e4ceb3-730d-4240-9085-bbaa9ac408a5,47965023011044,active
76221465-6e38-48fe-a01c-cda9074c6580,47965039296740,active
8c808e7d-e436-47e2-b560-a5d35e7cac94,47965061218532,active
8f47df1a-a676-4285-a612-f19853c33256,47965076422884,active
ad2f6d2b-5ac2-4898-91d2-eaf783e53020,48471030792420,active
5ef87b35-fceb-4188-bb15-32f356d6d6b5,48497187487972,active
df78562a-c883-4514-bd4b-b38b3777d125,48499310657764,active
af52ba28-1397-4610-9de2-9073a4d16f16,48557327810788,active
852f249f-32d4-4e2b-86c1-e8c975938b9c,48571454914788,active
f00462f5-0d84-4851-9a64-9409e3e7181c,48811160994020,active
3e4b3fcf-10ca-41c2-9f5d-54a13f780f89,48811386962148,active
13f51967-9ae6-4aed-8efa-fa1bde8ac0d7,48811794333924,active
9987cf46-5ad6-4c90-833b-ec4cbd2fd24e,48817299161316,active
104e2a2a-a438-4b7c-8736-8f9e881fe993,48817340186852,active
8c443705-7815-4d55-a476-76d635dcc209,48817380655332,active
8d2f7dbe-8fdf-4936-b556-f7cd9eb3615f,48817816240356,active
5c397e14-02b7-4f60-b735-54895265c9a0,48817816273124,active
ee1d8bc6-1b7b-44e5-8b15-321f159a4f4c,48817816305892,active
94940fe1-4b10-4719-be41-4b9ec93604e7,48818173378788,active
1928ba4a-6bcb-4b69-babc-4c78736839e6,48835553525988,active
58178239-f719-4bc0-a894-140b4fbfea99,48835809444068,active
d47b9d90-b7ad-43e0-a5f0-d9f41c1e8693,48835869540580,active
f8402a71-6fee-4c0a-8872-353c11cfe27f,48835913646308,active
660b1387-c92a-422a-84b8-7a872464f3d2,48874911138020,active
2e7dc060-dbad-4de2-b70a-059d0e7ee8c3,48924422570212,active
79f0a058-5c34-475d-9cea-999abcbcdac4,48954034127076,active
0d7ad535-fd63-4a7c-824c-aaf18c9d12d9,34778148536482,archived
0297e744-5604-486e-93f4-5414c8b9e783,34778148569250,archived
54ba646b-5333-4842-bbde-6b40a5a27998,34778148602018,archived
d09319ab-44c2-4a34-9432-c43d7cd02d60,34778369818786,archived
372b768b-a2ef-472c-86f1-dc53504934d3,34778893058210,archived
186544da-bf42-4084-bb6b-7135646af5d6,34778893090978,archived
03c26d31-d734-4894-b08a-b39812813f00,34778976747682,archived
b9319473-e351-4466-a08c-e580c52db848,34778976780450,archived
95bcecfb-4875-4922-b7c4-6aa63f8f4f97,34778976813218,archived
d140718f-d12c-41d0-9c37-337e300b20e0,34779017576610,archived
c17b5087-eee3-4820-a8ce-cc8475be0f1a,34779017609378,archived
e24da09b-b962-4a02-9285-ca24b9d71368,34779017642146,archived
dead79ea-2b8a-4366-912c-1d975b29e7e5,34779017674914,archived
f2e95061-d0e5-4b0c-a9a8-2fdb72348240,34779101167778,archived
565de4a7-40a7-4989-b65e-1d3ec2673358,34779101200546,archived
1002798d-438b-4ab5-93a5-50b96cd0c842,34779101233314,archived
6a82a120-0fa3-407c-9f30-119c3fe62d1f,34779171684514,archived
28561f8b-7a35-4a1b-8fc0-583f15437966,34779171717282,archived
e6ec8b19-9eb4-4c26-a955-406c9bd1b9f1,34779171750050,archived
eeec0889-4410-4fd5-ad1a-8ba2abaced71,34779171782818,archived
b60e6bb8-5ac4-443f-b0c0-f73559849e1b,34779191050402,archived
90597d92-c99a-4274-b51b-92f50848d038,34779191083170,archived
8a641a4c-2396-4cc1-8aed-babc23a3d7d2,34779191115938,archived
2d0c8472-3324-47f8-b3fa-25215637a058,36853726740642,archived
1a3e3a96-ce47-459c-9a94-0a2458b4da21,37175678533794,archived
031c284a-6575-4337-9654-dd08bacee89f,37175692230818,archived
ea3ef1f3-ae2b-40a8-a898-093a2de1e69d,37665093910690,archived
ff29d087-cb6f-4084-bc02-0a20fee4b9d0,37665141358754,archived
e3f87da4-273b-4550-b526-468112987783,37665152073890,archived
8385dbe1-178d-4715-93a4-3f30744c251f,37665152172194,archived
a99ab79b-8f6d-490e-9b50-2100ef78d4d9,37705436233890,archived
12ac6d44-d284-477e-9830-3c26e46d1ee8,39389442506914,archived
3c8b8b80-f766-46c1-ae86-20f34a1a6793,39389575348386,archived
aede30f1-4cf9-43ea-99a7-85bc332808de,39446220898466,archived
ac3d9d1b-f81b-4573-bf11-317d904f6b0b,39489139277986,archived
9054e6b0-559f-4e39-9d2f-e6feede44cf6,39489139310754,archived
9aced07f-cff7-48bc-8439-334f127f5d15,39489139343522,archived
1db13a8c-b098-4d7d-98d0-0c0af53eab56,39489139376290,archived
e484e2bc-a13b-4bfe-92d2-e9344c6bfba0,39534139703458,archived
a850d5a3-1d22-407a-97fe-9fac419315fe,39534181875874,archived
5834ec57-b136-4f1f-87e4-6ddae8054f7b,39534291353762,archived
f6d08b60-f7d4-4e11-897b-2449c27658a6,39625200992418,archived
b8f4ea13-c531-4d32-b1fe-297716a98304,39625228517538,archived
0ec7aac9-dce8-43c6-9071-7cd8ad04b0df,39625237332130,archived
a000a420-c1eb-4985-9b26-9251da4d82ce,39625245687970,archived
cacae202-7aff-42c0-b27f-ef5e3b565d50,39625258205346,archived
b81dd655-1f52-4d0b-8fd7-06bcb836ff59,39625271410850,archived
0ec0f215-f14c-4b84-87c4-e3e9d9bd0350,39625277276322,archived
ced38668-6339-4d40-95da-18d1acd2a023,39625287172258,archived
b853cfc4-9de8-43ea-889d-23d3daf43b29,39625293234338,archived
a73b86d8-9253-46ee-a4af-b2b7d56ea1bc,39625297985698,archived
2c365680-e081-45a7-aa5d-6d71509bf941,39625304998050,archived
2cb26b24-d5e1-4179-95a5-bf418d9509d8,39625313517730,archived
ab78be27-993b-4976-ab12-2fb6dc387c50,39634985713826,archived
690b55e4-168b-49b7-9dc7-1f8fd2fc4ecd,39635064029346,archived
c56a72fa-2bb6-4ab1-badb-8813f423681f,39643092615330,archived
771025ce-6f3c-4099-99c6-68ca0d74e42e,39643267334306,archived
df271a07-bca7-4144-afff-647ff3e18259,39688561459362,archived
e8f78bac-fec8-4cc1-ad5e-d18cd93bec6f,39688616247458,archived
8a37cf3a-3cc3-4cda-bbe6-882a1d76b0ed,39688710357154,archived
15b71e7e-0bfc-4ffa-ac76-5338d019c0b5,39688766095522,archived
d041d737-7304-46fc-9731-2606207caaf2,39724186927266,archived
f43fb6a7-ca2f-4416-abf1-f7be744946d0,39724425576610,archived
a2549c2d-484e-4a96-b713-dad32118368f,39860844036258,archived
026de069-7fe4-41ca-b424-c9e109996337,39860921401506,archived
6812a9fd-68ba-4624-98a1-0c22394dedcb,39861031862434,archived
76383130-7529-47f6-9759-c25ae575a3cf,40195181215906,archived
4a16da5e-8ed5-46ff-867f-bad2b91c9053,40628945322146,archived
47b1899b-34f7-441a-90cf-bcee96db502c,40638855512226,archived
2ec743ac-958c-46a3-8190-3efd12585a41,40638861574306,archived
74be71e1-069f-46ff-94d6-538bec1a18fd,40734465261730,archived
df4fff1b-fd37-4fd2-b7d9-8af39c0cf270,40734485053602,archived
7d1dc6b5-4b54-44a1-8402-04d05e01a8a8,40833304527010,archived
bfb43ff4-6132-4425-8bdd-2fd52b563f3f,40833351811234,archived
85ec9ce8-5449-42f7-adc6-d1ca38d187dd,41025771405474,archived
6f6f4d53-0dd9-4c3b-bdf1-1b5be557dd83,42361987268836,archived
5ac5250e-7431-4f9d-a268-fbd39ac5ffcb,42362233684196,archived
31d58637-9603-49e1-9c9b-26e8f783142e,42399411372260,archived
f1a6ec9a-2e59-4bb0-9685-2d59dceac679,42399443026148,archived
6041e9e6-e23f-4744-9d75-f6b45a43851e,42399645368548,archived
88e2355d-e8ad-4776-936b-5aff4cbf28df,42399667585252,archived
8f52547d-c601-4979-a2b9-805fd2334f62,42399696093412,archived
493741e5-a0a0-4401-8c70-ea8bdae77daf,42399703793892,archived
2c7c7574-a051-4ead-bf65-51bfcff895dd,42400082067684,archived
de66e9a4-d073-45f0-b4ae-83bbb0b59100,42400234275044,archived
69d60d88-f41e-467a-8b1e-961c58a3a2ac,42400399491300,archived
e9e2c7d7-b446-46e3-a7ae-8614ad05b707,42410835804388,archived
0fc5d93e-b8eb-4e70-837a-a21e7c50801d,42410835837156,archived
7408a03c-f281-437e-b32c-b4760bd59a9c,42411380474084,archived
db273720-5659-4f10-a94f-e1639641fa81,42411380506852,archived
6a076b08-5ba0-410b-8e93-b0341a11d0eb,42546159157476,archived
65689361-648f-4fc4-8018-31c8e28e158f,42546171969764,archived
5fb41af4-7b4c-4df0-bdd6-9a21ad95181b,42546182160612,archived
d68764c0-082d-4c91-bc97-07a6c4db3614,42546193694948,archived
d016df8d-8c3f-418c-afe8-e3f9728c41a4,42546201395428,archived
e75f4cc6-e5e9-4213-a2cc-ab5d0d15d576,42546204672228,archived
e310670c-6cb9-4fca-878b-067bbc0fda9e,42546209554660,archived
55298ab9-a980-47ca-951a-f443f34e803d,42681030836452,archived
17f69bf4-07d8-423d-9c77-17686202c604,42687307088100,archived
88b7f765-f1a1-4e67-ae43-29dba7c7cad4,42687307120868,archived
b667c40d-fe3a-43f6-ac0e-ca712d00790c,42717374644452,archived
31ff325a-8c15-4848-a94b-9383dcdc605e,43017277538532,archived
5ab8500e-85e2-4d2e-876e-532cda49379b,43017478209764,archived
5d554133-022a-45f4-a602-6f55ffba5ad5,43017638019300,archived
9c88d70d-1e99-46b8-969e-343a5e97ba16,43017697165540,archived
0e7c75bf-39ec-4c43-854b-c09956dd63cc,43017839182052,archived
f58aa9bb-fdf9-40c5-9053-95169d831c45,43017877324004,archived
7f38517d-14cf-48bd-812f-dc6e85b80bea,43373791445220,archived
218ebcf9-cd46-460d-a443-2d199de39b2c,43373876248804,archived
10f734fe-989a-4f3f-94e7-4601137d7c51,43373954924772,archived
8cda5bb8-65d0-406e-bf1a-ebd306913516,43373954990308,archived
83b0cbb4-ed91-4338-8a74-465217f7e362,43373955088612,archived
2951bf88-b8db-418e-9cf3-a02ce3b41b27,43374017708260,archived
84ef761a-fe37-4f61-bfc8-2f987fe9acc0,43822921548004,archived
2356583f-da62-484e-b7b8-9a78be2ce1a2,43896513036516,archived
d00501eb-9416-4bf3-ad88-c548bb384ae8,43896515526884,archived
dd9f4a32-8806-451a-bf3b-0cc1c5ff0407,43896519491812,archived
618a7983-1205-476f-afd9-b93256ef09c6,43896523030756,archived
0a877361-4745-4839-84d8-f7975d8edadf,43896525258980,archived
c8b6e833-aa00-4294-866d-9f04f7db3ac8,43896527061220,archived
9e437645-e83e-43f1-bf06-f3a78456267c,43896532599012,archived
b4df0749-a417-42c1-bcb5-594b4962f87c,43896533123300,archived
b4220d2d-8df8-455b-ab3a-21e7b4f7e29c,43928154702052,archived
d7f6dae3-6651-47a9-9640-57c241bbcc4f,43928158994660,archived
5fbb7337-c978-4560-ba57-e4abbd1ea8a8,43989792784612,archived
c147dbda-a526-4a92-a477-8310b1cc7b98,43989792817380,archived
ef0eee9a-280d-4e55-9aae-6e1cd8b2c479,43989792850148,archived
6ee38abd-609b-4c3a-9956-1fdc1405b327,43989792882916,archived
721346ce-b926-4db0-b66f-bb7ef5fb6494,44021274968292,archived
af5513af-1aab-44f0-9d7d-e52f4a1236d7,44030076682468,archived
a6ea2445-c261-4395-bfe3-b46f1297baba,44160587137252,archived
fdf892fe-2089-4521-a7ff-9c1b596d6112,44160590708964,archived
c3b70ffd-8095-4104-9288-ddbb1c901e8c,44160596672740,archived
7a016a6e-9cf0-4813-9e73-038eba605a69,44160599195876,archived
a4239221-999e-4f4b-adc9-b7036451f196,44160601653476,archived
a5b87d67-ee06-4f52-b330-91c564a66f1c,44160602800356,archived
133e58de-1bd6-423c-9792-966a0feecd86,44160606929124,archived
4373ccc1-25cf-487c-9b87-914f2ecad10e,44165281644772,archived
17ccbd1b-c545-4934-8638-1701d9746fc7,44172942541028,archived
bfc5fe34-82c2-40e7-8bbc-382226009454,44177142055140,archived
761d85fc-59c2-4037-87ad-4bf10cfe1015,44221629530340,archived
864572f9-da86-4c1e-b4ce-c6438de0926c,44221673373924,archived
9dfe85d3-fb37-4d16-834e-5a0e5c0bf13b,44224876413156,archived
63566461-a32e-4051-9735-c6b3397d7608,44224891781348,archived
ae48118d-b6e7-4145-bc58-c11f70fa124c,44240707584228,archived
87b9b8c1-6d1f-48f4-9d80-67691ff68a0f,44240739172580,archived
104515fd-4389-435f-953e-338102f281cf,44240834035940,archived
a027669b-01c8-45f2-a245-cbd4889bfb32,44241136943332,archived
c6e9c06a-ca3e-4fce-b2b1-79c54931dd3e,44241402265828,archived
b302f7fb-41dd-4db9-8f30-54f7260e2450,44241463116004,archived
08bf7edb-54a3-442b-9758-778ff4efbce2,44241581506788,archived
a6da9eea-ecbd-49b0-9b5a-752d7b784a5c,44457753313508,archived
1467d7a0-6b65-4764-b0eb-42436b5b8b3f,44457866789092,archived
36e50f9b-7c43-4246-8968-66c9e274cc72,44457874260196,archived
c67b9066-99d9-44d4-bb2e-813cd445f212,44483270344932,archived
c67290bd-3a13-4567-b799-42a1b7be6ece,44483302916324,archived
d9278cb6-42dd-442c-8a19-e167660a5501,44633314361572,archived
1f8d0db9-cb2a-4b48-aa71-6040dcea5e44,44688808968420,archived
912057d3-2fb7-4d3b-ad90-127198fef187,44688925458660,archived
71ad0db3-861f-4a92-a5ce-61011790d624,44760628887780,archived
3f4e5f73-57b9-4586-ae35-82e398b16d9b,44760665587940,archived
4c55846e-a447-4da5-9c1c-e507646d6d5d,44760686887140,archived
a16d90c8-8a58-4405-86fb-6c95c7bd7dd3,44760699666660,archived
9999a484-bd50-47f2-ba5c-bc00e27531bf,44817083891940,archived
a0ee7cbc-5282-4630-9f61-84ba25763b4f,44978891522276,archived
9ef1ce55-054c-4a09-8cdd-e72d07564f85,45145432850660,archived
2f575d7a-24ca-44c1-babd-d24644ba50a7,45343286591716,archived
ed28f42f-95e7-4927-8ea2-d3b86e29b9c9,45622554919140,archived
3c9c04c3-9002-4ac0-96f6-94ed131411de,45622602924260,archived
9a743f20-57ce-46c1-8dee-732f2e5024e7,45622639886564,archived
46c4a396-af2c-4273-b534-c399c9df4ec7,45622736290020,archived
6fe67502-5988-4cba-8fa8-94f0c79b7004,45659325858020,archived
54075b7c-cf40-440b-9d5f-0296971f6e3d,45659325890788,archived
818353d7-eea2-4490-af35-e9e1893778c1,46895316336868,archived
caa2fac5-2e67-4b8f-bce2-da4ca4782899,34778269352098,draft
532ca869-27e0-4a4b-bf09-806c1a369cce,34779058307234,draft
b3b916c0-6399-46d8-85b2-286ca1ae30f7,34779148419234,draft
815021c4-42e6-445d-a428-de3e7cee2880,34779148452002,draft
d0c8ee0e-d868-4164-b002-f93026411f52,36095734284450,draft
b80e05f8-fa86-4b40-bd6a-e34a90ee7a4d,39269558845602,draft
b6374ad6-3bb5-4cca-9303-cbe2ad204b74,39518754046114,draft
089190c9-69d3-48b5-b050-37204004c4e4,40159086280866,draft
c225c6cc-0fd9-4f83-9b64-37afe96853fc,40195140092066,draft
2bc10536-d4cf-4f55-aa71-d47af99b3b2a,40240870195362,draft
236ed317-f00b-4ef3-85fd-5ea19844b3ec,40240876191906,draft
ababb0e9-308d-4b60-a36c-101f2a7529ef,40240881598626,draft
d10c32d6-fcdc-4afa-9127-e04e40dedc78,42399054299364,draft
bcda2bce-7a9f-49e7-b89c-8c5c91830109,42399121866980,draft
f66f8ef1-f201-4247-9341-a60ade7e7e9c,42399362646244,draft
c4f07ef6-10b5-4671-9287-035c8745e2c5,42400248365284,draft
5f21900a-2528-4922-b2bf-e684879f805e,43373587333348,draft
3161cfcb-b93f-46a4-a184-cf117b3e10f5,43373588807908,draft
4e45b427-3900-44bc-be98-b5efe65e26b6,43854036140260,draft
87103fe8-2ab4-46aa-b871-f3fe2055332c,43896502255844,draft
233bea76-9df7-44a1-9f64-ed6fb8e069e7,43896507564260,draft
68af57fe-f36b-4bf9-b0e3-5150079df6ee,43896509497572,draft
b9460123-7b22-421f-8808-814dca27126d,44021279752420,draft
6ece4f05-f5af-442c-9995-ba6e8e0835c2,44163881664740,draft
715502bd-b3f3-47c6-9803-0db077e6032f,44163898835172,draft
af7bdea3-9245-4a12-bb96-6e294aec549f,44163948445924,draft
7c8d0cf2-72b6-40b4-bcd0-62300daf37bf,44165279809764,draft
36eb7c2b-9dce-41c6-99c1-55b179ae0a47,44172940771556,draft
a2feaeca-00f6-401b-8a6a-afa842958c51,44177994842340,draft
95be65fc-b24e-4d6b-b0f8-695ec8535e7d,44191662932196,draft
f220352f-a09d-4f00-ba45-cdd8ba430d67,44221705715940,draft
7420a933-bc1b-4362-a8b9-111c322ce815,44221788029156,draft
bba10536-83f3-4834-888b-7b704b78ec34,44241555259620,draft
8869fdd0-d614-41af-a29d-c8a4e31511b9,44245246083300,draft
48b571f6-770e-46c6-a5ff-1c14bdd2a845,44553835610340,draft
3acac810-71b1-405a-82ae-a2d3d20bedf6,44568442667236,draft
6c4d04c8-e317-49aa-83d3-cdd57e24e377,44713182462180,draft
ccd3a1ea-0178-4c3a-9d63-e1deb9d5f6d1,44722115412196,draft
504c8f80-bcdb-46b0-807d-317ed66cd23f,44722653069540,draft
36ad9721-45c4-4bf0-a682-b537e4c037da,44745681731812,draft
4e042dcf-609e-4601-a792-6f6abbb387a8,44745684680932,draft
f7b89ef9-8614-4f62-a57e-e12be6215d4c,44745749299428,draft
85d611d9-a243-4db8-a485-c6a9804eec09,45011297272036,draft
16b1ad2c-0f47-459e-834d-a2874f48fd4c,45110207250660,draft
f9416e4e-7685-4fb0-8f42-0123344081b0,45143268688100,draft
5ce342a6-534d-4c37-985f-0219def4c295,45143268720868,draft
921f283e-653e-46c3-a502-475b464bd2d1,45418257154276,draft
5cdb0a9f-fa00-4ad9-8b1a-a3f08bbb939e,45455241314532,draft
962f10d3-96f5-4ee1-b99a-974a110e80a2,45455277064420,draft
31dd6318-92d0-4647-9467-f0ef3f8486d1,45455420457188,draft
231149a9-10a8-4a50-970b-0c577e80b5e9,45467237482724,draft
c8e611dc-d9b8-472f-a9e4-942f92a39ecf,45468513861860,draft
e286b510-b377-428d-8f34-e0d03735307b,45523395969252,draft
bba70e88-7efc-4fc8-ad65-613bd91d7041,45523901448420,draft
f59eb665-1444-4574-a3d1-41223dd5b2b2,45523941884132,draft
71b1b989-f014-4a2d-b645-168ee2cb3130,45523960627428,draft
536a7260-6a7d-431e-9937-476a9ff210fb,45558197584100,draft
508b6063-c98a-4ad8-9be3-d40b87eb69eb,45558286614756,draft
a080a79d-5a87-4484-a047-6acd9f159c82,45578368123108,draft
7ee14b65-8e64-4731-a11d-a391a362a111,45578392076516,draft
df49fea8-15f5-401e-bd99-ecf0abfa1204,45660021129444,draft
22fb79d4-7694-46f8-888c-1b0125d77205,45694599495908,draft
a6c6a762-1148-4f6b-b761-77d3f90d5c6f,45697265991908,draft
9df9061b-c1e4-42fd-9d16-fca53a38ce12,45697282506980,draft
2b323636-232a-48bc-b025-4d0dbc904911,45700237066468,draft
520a38a0-104a-45c9-a23a-56795f4d1faf,45703521206500,draft
4beee659-6cc7-43ba-b6c9-f051bdbfe38c,45703567278308,draft
9569a2dd-588a-4751-bb10-1d28e53addda,45703638286564,draft
9eefaefa-d75f-48cc-8306-b8c8421079e2,45781044887780,draft
db600215-ff20-410c-9025-5ec9e9dbb9bd,45781047738596,draft
7--output truncated--
